Date,Activity,Distance (miles),Pace/Mile,Time,Heart Rate Avg
2025-07-01,Run,4.0,8:48,0:35:15,N/A
2025-06-29,Run,4.04,9:26,0:38:11,N/A
2025-06-28,Run,7.29,8:36,1:02:44,N/A
2025-06-27,Run,1.89,9:05,0:17:13,N/A
2025-06-26,Run,2.56,8:24,0:21:34,N/A
2025-06-24,Run,4.02,9:13,0:37:05,N/A
2025-06-22,Ride,12.59,4:27,0:56:05,N/A
2025-06-21,Run,6.03,9:32,0:57:35,N/A
2025-06-19,Run,3.51,9:45,0:34:18,N/A
2025-06-17,Run,3.5,9:25,0:33:00,N/A
2025-06-14,Run,6.39,9:11,0:58:43,N/A
2025-06-12,Run,2.33,8:27,0:19:44,N/A
2025-05-28,Ride,0.0,N/A,0:51:49,N/A
2025-05-26,Run,4.01,8:14,0:33:00,N/A
2025-05-25,Run,6.01,8:50,0:53:07,N/A
2025-05-24,Ride,20.11,4:38,1:33:15,N/A
2025-05-22,Run,4.19,8:54,0:37:19,N/A
2025-05-19,Ride,0.0,N/A,0:34:28,N/A
2025-05-15,Run,5.14,8:59,0:46:12,N/A
2025-05-14,Run,2.65,8:51,0:23:27,N/A
2025-05-12,Run,4.12,8:43,0:35:58,N/A
2025-05-08,Ride,0.0,N/A,0:28:55,N/A
2025-05-06,Run,3.21,7:56,0:25:29,N/A
2025-05-04,Run,3.01,8:45,0:26:21,N/A
2025-05-03,Ride,21.82,4:53,1:46:46,N/A
2025-04-30,Hike,7.87,18:53,2:28:44,N/A
2025-04-29,Hike,7.14,18:52,2:14:55,N/A
2025-04-27,Run,3.0,8:59,0:27:00,N/A
2025-04-24,Ride,8.59,7:51,1:07:27,N/A
2025-04-24,Run,1.51,8:58,0:13:32,N/A
2025-04-17,Ride,0.0,N/A,0:33:43,N/A
2025-04-15,Run,4.66,9:01,0:42:06,N/A
2025-04-13,Run,4.12,8:01,0:33:03,N/A
2025-04-10,Run,3.86,9:13,0:35:37,N/A
2025-04-08,Ride,0.0,N/A,0:41:53,N/A
2025-04-06,Run,7.21,9:04,1:05:24,N/A
2025-04-05,Ride,0.0,N/A,0:40:30,N/A
2025-04-03,Ride,0.0,N/A,0:30:38,N/A
2025-04-01,Run,3.64,8:51,0:32:13,N/A
2025-03-30,Ride,0.0,N/A,0:54:43,N/A
2025-03-29,Run,3.14,10:30,0:33:00,N/A
2025-03-28,Ride,0.0,N/A,0:30:10,N/A
2025-03-27,Run,3.01,8:56,0:26:52,N/A
2025-03-25,Ride,0.0,N/A,0:41:04,N/A
2025-03-23,Run,5.8,9:13,0:53:30,N/A
2025-03-22,Ride,0.0,N/A,0:59:09,N/A
2025-03-20,Ride,0.0,N/A,0:40:22,N/A
2025-03-18,Run,4.17,8:47,0:36:40,N/A
2025-03-13,Run,3.63,8:26,0:30:38,N/A
2025-03-11,Ride,0.0,N/A,0:43:39,N/A
2025-03-09,Ride,15.01,4:34,1:08:46,N/A
2025-03-08,Run,6.78,8:38,0:58:36,N/A
2025-03-06,Ride,0.0,N/A,0:39:56,N/A
2025-03-04,Run,3.32,8:42,0:28:53,N/A
2025-03-02,Ride,0.0,N/A,0:42:45,N/A
2025-03-01,Run,4.19,8:48,0:36:56,N/A
2025-02-27,Run,3.8,8:54,0:33:51,N/A
2025-02-23,Ride,18.1,5:01,1:30:47,N/A
2025-02-22,Workout,0.0,N/A,1:02:35,N/A
2025-02-20,Run,3.12,9:27,0:29:33,N/A
2025-02-19,Ride,0.0,N/A,0:42:50,N/A
2025-02-16,Ride,0.0,N/A,0:31:02,N/A
2025-02-15,Ride,0.0,N/A,0:40:17,N/A
2025-02-13,Run,3.41,9:03,0:30:57,N/A
2025-02-11,Ride,0.0,N/A,0:32:06,N/A
2025-02-09,Run,6.75,8:36,0:58:09,N/A
2025-02-08,Ride,0.0,N/A,0:45:00,N/A
2025-02-06,Run,0.31,9:48,0:03:04,N/A
2025-02-06,Run,0.83,9:08,0:07:36,N/A
2025-02-01,Ride,0.0,N/A,0:33:01,N/A
2025-01-28,Run,4.33,8:55,0:38:39,N/A
2025-01-25,Run,6.0,8:59,0:54:01,N/A
2025-01-18,Run,4.3,9:21,0:40:15,N/A
2025-01-11,Run,3.82,8:45,0:33:28,N/A
2025-01-09,Run,4.11,9:55,0:40:45,N/A
2025-01-07,Run,4.0,9:44,0:39:01,N/A
2025-01-04,Run,5.45,10:04,0:54:51,N/A
2025-01-02,Run,3.55,9:14,0:32:46,N/A
2024-12-31,Run,5.83,9:13,0:53:42,N/A
2024-12-29,Run,4.02,10:08,0:40:45,N/A
2024-12-24,Run,5.08,9:54,0:50:22,N/A
2024-12-17,Run,3.37,9:17,0:31:18,N/A
2024-12-14,Run,4.44,9:11,0:40:48,N/A
2024-12-12,Run,3.01,10:35,0:31:50,N/A
2024-12-08,Run,6.01,9:54,0:59:35,N/A
2024-12-07,Ride,22.75,5:05,1:55:48,N/A
2024-12-03,Run,3.58,9:07,0:32:39,N/A
2024-11-28,Run,4.61,9:41,0:44:40,N/A
2024-11-25,Run,5.36,9:30,0:50:58,N/A
2024-11-23,Run,8.01,9:11,1:13:40,N/A
2024-11-21,Run,4.22,8:47,0:37:06,N/A
2024-11-17,Run,5.01,8:43,0:43:43,N/A
2024-11-16,Ride,34.78,5:17,3:03:48,N/A
2024-11-14,Run,3.24,9:35,0:31:04,N/A
2024-11-10,Ride,22.92,4:45,1:49:05,N/A
2024-11-09,Run,8.0,10:16,1:22:17,N/A
2024-11-07,Run,4.29,9:41,0:41:33,N/A
2024-11-03,Run,5.0,9:14,0:46:12,N/A
2024-11-02,Ride,20.16,4:37,1:33:09,N/A
2024-10-31,Run,4.08,9:18,0:37:59,N/A
2024-10-27,Run,6.18,9:26,0:58:18,N/A
2024-10-26,Ride,28.38,5:12,2:27:52,N/A
2024-10-23,Run,4.02,9:24,0:37:49,N/A
2024-10-20,Run,2.46,10:08,0:24:58,N/A
2024-10-13,Run,5.01,9:08,0:45:50,N/A
2024-10-12,Ride,25.18,4:45,1:59:48,N/A
2024-10-11,Run,4.31,9:07,0:39:19,N/A
2024-10-09,Ride,15.18,4:38,1:10:25,N/A
2024-10-07,Run,4.0,9:08,0:36:36,N/A
2024-10-06,Ride,20.61,4:28,1:32:22,N/A
2024-10-04,Ride,15.1,4:43,1:11:17,N/A
2024-10-03,Ride,4.47,5:30,0:24:36,N/A
2024-10-02,Ride,4.54,6:01,0:27:24,N/A
2024-10-02,Run,4.3,9:18,0:40:03,N/A
2024-09-29,Run,3.53,9:20,0:32:55,N/A
2024-09-26,Run,4.36,10:00,0:43:39,N/A
2024-09-23,Run,4.22,9:24,0:39:41,N/A
2024-09-22,Ride,14.6,4:54,1:11:35,N/A
2024-09-21,Run,2.18,9:47,0:21:19,N/A
2024-09-15,Run,7.01,10:04,1:10:39,N/A
2024-09-11,Run,3.46,8:27,0:29:18,N/A
2024-09-08,Ride,26.1,4:59,2:10:29,N/A
2024-09-06,Run,4.34,9:01,0:39:09,N/A
2024-09-04,Ride,10.15,4:24,0:44:49,N/A
2024-09-02,Ride,23.98,4:33,1:49:14,N/A
2024-08-27,Run,3.56,9:23,0:33:29,N/A
2024-08-25,Ride,21.37,4:24,1:34:06,N/A
2024-08-24,Ride,10.22,4:57,0:50:39,N/A
2024-08-22,Ride,11.99,5:34,1:06:49,N/A
2024-08-20,Swim,0.64,31:35,0:20:07,N/A
2024-08-19,Ride,10.06,5:24,0:54:24,N/A
2024-08-16,Ride,10.27,5:35,0:57:29,N/A
2024-08-14,Run,2.12,9:45,0:20:40,N/A
2024-08-11,Swim,0.98,31:35,0:30:55,N/A
2024-08-10,Ride,23.1,5:22,2:04:11,N/A
2024-08-05,Hike,4.46,27:35,2:03:00,N/A
2024-08-02,Run,1.82,9:18,0:16:57,N/A
2024-07-28,Ride,15.55,5:18,1:22:28,N/A
2024-07-24,Ride,10.15,5:21,0:54:24,N/A
2024-07-23,Swim,1.18,26:55,0:31:47,N/A
2024-07-19,Ride,11.36,5:30,1:02:35,N/A
2024-07-17,Run,3.0,9:18,0:27:56,N/A
2024-07-14,Ride,20.05,5:02,1:41:14,N/A
2024-07-13,Run,5.0,9:54,0:49:36,N/A
2024-07-04,Run,3.07,9:44,0:29:55,N/A
2024-07-03,Run,3.0,9:37,0:28:55,N/A
2024-07-02,Run,3.22,9:40,0:31:11,N/A
2024-07-01,Run,3.24,9:12,0:29:50,N/A
2024-06-26,Run,3.09,9:47,0:30:17,N/A
2024-06-23,Run,4.0,10:28,0:41:57,N/A
2024-06-22,Swim,0.25,44:27,0:11:03,N/A
2024-06-22,Ride,6.32,5:48,0:36:40,N/A
2024-06-21,Run,2.51,9:20,0:23:29,N/A
2024-06-19,Ride,16.11,4:59,1:20:31,N/A
2024-06-18,Run,2.23,8:57,0:19:58,N/A
2024-06-17,Swim,0.62,40:44,0:25:19,N/A
2024-06-15,Ride,3.54,5:38,0:19:57,N/A
2024-06-15,Run,3.03,10:15,0:31:03,N/A
2024-06-09,Hike,3.7,31:30,1:56:36,N/A
2024-06-08,Hike,4.06,18:22,1:14:38,N/A
2024-06-08,Hike,3.05,24:38,1:15:15,N/A
2024-06-01,Run,2.3,9:41,0:22:17,N/A
2024-05-25,Run,3.16,9:02,0:28:35,N/A
2024-05-18,Run,13.28,9:23,2:04:45,N/A
2024-05-17,Run,2.52,8:51,0:22:19,N/A
2024-05-09,Run,4.23,8:08,0:34:28,N/A
2024-05-08,Workout,0.0,N/A,0:01:38,N/A
2024-05-07,Run,4.42,8:54,0:39:23,N/A
2024-05-05,Run,6.66,8:54,0:59:16,N/A
2024-05-04,Ride,9.85,6:09,1:00:38,N/A
2024-05-02,Run,3.08,8:51,0:27:16,N/A
2024-04-29,Run,4.28,9:10,0:39:17,N/A
2024-04-24,Run,3.51,8:59,0:31:33,N/A
2024-04-21,Ride,19.92,4:23,1:27:26,N/A
2024-04-20,Run,6.08,9:24,0:57:09,N/A
2024-04-19,Run,3.01,8:44,0:26:17,N/A
2024-04-18,Run,3.34,8:58,0:30:01,N/A
2024-04-16,Run,4.21,8:39,0:36:25,N/A
2024-04-15,Ride,4.74,5:26,0:25:47,N/A
2024-04-14,Run,4.01,9:01,0:36:09,N/A
2024-04-13,Ride,18.08,4:33,1:22:33,N/A
2024-04-11,Run,4.3,8:37,0:37:07,N/A
2024-04-09,Run,4.0,9:11,0:36:46,N/A
2024-04-07,Ride,15.43,4:53,1:15:34,N/A
2024-04-06,Ride,13.14,4:50,1:03:32,N/A
2024-04-05,Ride,4.79,4:50,0:23:14,N/A
2024-04-04,Run,4.39,8:24,0:36:55,N/A
2024-04-02,Run,4.32,9:18,0:40:12,N/A
2024-03-29,Ride,8.34,4:58,0:41:28,N/A
2024-03-26,Run,4.33,9:14,0:40:03,N/A
2024-03-24,Run,4.98,9:28,0:47:12,N/A
2024-03-22,Run,2.75,8:46,0:24:07,N/A
2024-03-21,Run,4.39,8:40,0:38:05,N/A
2024-03-19,Run,2.37,8:46,0:20:48,N/A
2024-03-17,Ride,2.72,8:30,0:23:10,N/A
2024-03-17,Run,2.42,7:35,0:18:22,N/A
2024-03-16,Ride,2.34,7:45,0:18:09,N/A
2024-03-16,Run,2.02,8:14,0:16:36,N/A
2024-03-15,Ride,6.5,6:15,0:40:40,N/A
2024-03-13,Run,3.84,9:36,0:36:52,N/A
2024-03-09,Run,3.88,9:31,0:36:57,N/A
2024-02-27,Run,3.17,8:53,0:28:10,N/A
2024-02-26,Ride,5.08,5:33,0:28:17,N/A
2024-02-24,Swim,0.34,43:15,0:14:47,N/A
2024-02-24,Ride,9.32,5:04,0:47:22,N/A
2024-02-19,Ride,2.33,6:33,0:15:16,N/A
2024-02-19,Run,3.66,9:26,0:34:32,N/A
2024-02-16,Run,4.27,8:43,0:37:13,N/A
2024-02-15,Run,2.31,9:16,0:21:27,N/A
2024-02-14,Run,1.16,7:26,0:08:36,N/A
2024-02-10,AlpineSki,11.74,5:34,1:05:24,N/A
2024-02-09,AlpineSki,5.97,6:57,0:41:30,N/A
2024-02-06,Run,3.38,8:31,0:28:46,N/A
2024-02-04,Run,7.29,9:51,1:11:51,N/A
2024-02-01,Run,4.56,8:39,0:39:30,N/A
2024-01-30,Run,4.15,9:03,0:37:31,N/A
2024-01-27,Run,7.23,9:05,1:05:46,N/A
2024-01-25,Run,5.02,9:06,0:45:45,N/A
2024-01-21,Hike,4.74,25:41,2:01:47,N/A
2024-01-20,Run,4.01,9:17,0:37:14,N/A
2024-01-19,Ride,7.05,8:50,1:02:20,N/A
2024-01-14,Run,6.01,8:56,0:53:46,N/A
2024-01-13,Run,3.51,9:24,0:33:01,N/A
2024-01-13,Run,4.09,8:53,0:36:23,N/A
2024-01-11,Run,4.37,9:03,0:39:31,N/A
2024-01-09,Run,4.11,8:41,0:35:45,N/A
2024-01-07,Run,4.39,8:57,0:39:19,N/A
2024-01-06,Run,5.35,8:46,0:46:57,N/A
2024-01-03,Run,2.43,8:33,0:20:47,N/A
2024-01-01,Run,1.57,28:30,0:44:38,N/A
2023-12-30,Run,2.24,29:56,1:07:10,N/A
2023-12-28,Run,6.02,9:14,0:55:38,N/A
2023-12-26,Run,4.18,8:33,0:35:48,N/A
2023-12-24,Run,6.01,8:27,0:50:49,N/A
2023-12-21,Run,4.26,9:16,0:39:29,N/A
2023-12-19,Run,5.13,8:27,0:43:22,N/A
2023-12-17,Run,2.63,8:28,0:22:16,N/A
2023-12-16,Run,4.33,8:25,0:36:31,N/A
2023-12-14,Run,4.37,8:44,0:38:12,N/A
2023-12-12,Run,4.16,9:00,0:37:31,N/A
2023-12-09,Run,4.59,9:29,0:43:36,N/A
2023-12-06,Run,4.53,9:18,0:42:09,N/A
2023-12-04,Run,6.06,8:28,0:51:23,N/A
2023-12-02,Run,6.04,9:10,0:55:24,N/A
2023-12-01,Run,2.39,7:44,0:18:29,N/A
2023-11-29,Run,6.01,8:48,0:52:56,N/A
2023-11-27,Run,4.3,8:27,0:36:23,N/A
2023-11-23,Run,7.01,8:42,1:01:03,N/A
2023-11-21,Run,4.27,9:09,0:39:05,N/A
2023-11-19,Run,7.0,9:18,1:05:09,N/A
2023-11-18,Run,4.28,9:13,0:39:31,N/A
2023-11-16,Run,5.58,9:05,0:50:47,N/A
2023-11-14,Run,4.71,9:15,0:43:34,N/A
2023-11-12,Run,9.42,9:39,1:30:54,N/A
2023-11-11,Run,6.01,8:45,0:52:35,N/A
2023-11-09,Run,6.05,9:27,0:57:13,N/A
2023-11-07,Run,2.44,9:25,0:22:59,N/A
2023-11-03,Run,6.01,8:54,0:53:30,N/A
2023-11-02,Run,2.16,9:02,0:19:32,N/A
2023-10-31,Run,5.04,9:49,0:49:33,N/A
2023-10-29,Run,4.6,9:50,0:45:16,N/A
2023-10-28,Run,5.16,9:31,0:49:07,N/A
2023-10-26,Run,3.01,8:01,0:24:09,N/A
2023-10-22,Run,7.01,10:09,1:11:14,N/A
2023-10-15,Run,14.01,9:37,2:14:46,N/A
2023-10-15,Run,0.21,9:43,0:02:03,N/A
2023-10-12,Run,2.47,8:10,0:20:10,N/A
2023-09-28,Run,4.3,9:13,0:39:38,N/A
2023-09-26,Run,4.18,9:30,0:39:46,N/A
2023-09-24,Run,10.01,9:48,1:38:15,N/A
2023-09-23,Run,7.02,8:48,1:01:50,N/A
2023-09-22,Run,3.36,8:33,0:28:45,N/A
2023-09-20,Run,3.73,8:49,0:32:56,N/A
2023-09-19,Run,4.34,8:58,0:38:59,N/A
2023-09-14,Run,4.01,10:07,0:40:38,N/A
2023-09-12,Run,4.2,8:46,0:36:52,N/A
2023-09-10,Run,5.53,8:52,0:49:03,N/A
2023-09-09,Run,5.29,9:25,0:49:50,N/A
2023-09-06,Run,4.03,9:04,0:36:33,N/A
2023-09-04,Run,5.01,9:01,0:45:13,N/A
2023-08-31,Run,4.09,9:30,0:38:50,N/A
2023-08-29,Run,4.09,9:44,0:39:48,N/A
2023-08-27,Run,9.18,9:57,1:31:29,N/A
2023-08-26,Run,6.25,9:13,0:57:40,N/A
2023-08-25,Run,3.35,9:11,0:30:47,N/A
2023-08-23,Run,3.5,8:20,0:29:11,N/A
2023-08-20,Run,4.12,8:50,0:36:25,N/A
2023-08-19,Run,6.13,9:31,0:58:24,N/A
2023-08-16,Run,2.4,7:58,0:19:07,N/A
2023-08-13,Run,6.01,9:10,0:55:08,N/A
2023-08-12,Run,6.01,9:49,0:59:03,N/A
2023-08-11,Run,4.02,9:16,0:37:17,N/A
2023-08-09,Run,4.01,8:38,0:34:38,N/A
2023-08-06,Run,4.01,10:01,0:40:16,N/A
2023-08-05,Run,6.01,9:49,0:59:04,N/A
2023-07-27,Run,4.18,9:01,0:37:43,N/A
2023-07-25,Run,2.01,7:57,0:15:59,N/A
2023-07-23,Run,8.01,10:06,1:20:54,N/A
2023-07-22,Run,4.11,9:33,0:39:17,N/A
2023-07-20,Run,4.64,9:26,0:43:47,N/A
2023-07-18,Run,2.87,9:38,0:27:41,N/A
2023-07-13,Run,2.71,9:23,0:25:24,N/A
2023-07-11,Run,4.23,9:15,0:39:14,N/A
2023-07-09,Run,9.02,9:22,1:24:32,N/A
2023-07-08,Run,4.31,9:08,0:39:24,N/A
2023-07-06,Run,4.0,9:26,0:37:46,N/A
2023-07-04,Run,2.17,8:51,0:19:15,N/A
2023-06-28,Run,5.0,8:40,0:43:27,N/A
2023-06-25,Run,4.1,9:07,0:37:27,N/A
2023-06-24,Run,7.55,10:04,1:16:03,N/A
2023-06-23,Run,1.83,8:05,0:14:48,N/A
2023-06-21,Run,4.22,8:39,0:36:34,N/A
2023-06-18,Run,5.55,10:00,0:55:33,N/A
2023-06-14,Run,4.36,8:48,0:38:24,N/A
2023-06-11,Run,5.25,9:20,0:49:06,N/A
2023-06-09,Run,4.45,9:52,0:43:59,N/A
2023-06-04,Run,6.65,8:44,0:58:08,N/A
2023-06-03,Run,4.01,9:30,0:38:08,N/A
2023-06-03,Run,3.02,8:21,0:25:16,N/A
2023-05-31,Run,4.06,8:49,0:35:50,N/A
2023-05-28,Run,4.69,8:59,0:42:11,N/A
2023-05-27,Run,6.87,8:57,1:01:30,N/A
2023-05-24,Run,2.64,8:49,0:23:17,N/A
2023-05-21,Run,9.33,9:37,1:29:43,N/A
2023-05-20,Run,4.43,8:22,0:37:05,N/A
2023-05-17,Run,3.5,9:06,0:31:52,N/A
2023-05-14,Run,5.65,8:33,0:48:20,N/A
2023-05-13,Run,5.01,8:58,0:44:57,N/A
2023-05-10,Run,5.02,9:10,0:46:03,N/A
2023-05-07,Run,8.59,9:10,1:18:49,N/A
2023-05-06,Run,4.25,8:28,0:35:59,N/A
2023-05-04,Run,4.03,8:39,0:34:56,N/A
2023-05-02,Run,2.01,9:31,0:19:12,N/A
2023-05-01,Run,3.05,9:07,0:27:53,N/A
2023-04-29,Run,8.02,8:55,1:11:37,N/A
2023-04-28,Run,4.0,8:30,0:34:05,N/A
2023-04-23,Run,13.47,8:43,1:57:35,N/A
2023-04-22,Run,2.05,8:14,0:16:53,N/A
2023-04-20,Run,3.21,8:10,0:26:16,N/A
2023-04-18,Run,1.8,8:53,0:16:02,N/A
2023-04-16,Run,9.0,8:41,1:18:16,N/A
2023-04-15,Run,3.01,7:46,0:23:22,N/A
2023-04-14,Run,1.84,8:10,0:15:03,N/A
2023-04-13,Run,1.97,8:44,0:17:12,N/A
2023-04-11,Run,1.09,9:10,0:10:01,N/A
2023-04-09,Run,11.01,8:51,1:37:36,N/A
2023-04-08,Run,2.18,7:54,0:17:14,N/A
2023-04-07,Run,5.02,8:31,0:42:45,N/A
2023-04-05,Run,2.22,8:29,0:18:53,N/A
2023-04-02,Run,8.01,8:33,1:08:35,N/A
2023-04-01,Run,5.0,8:54,0:44:34,N/A
2023-03-31,Run,3.99,8:29,0:33:51,N/A
2023-03-28,Run,2.23,8:29,0:18:54,N/A
2023-03-26,Run,1.5,9:04,0:13:38,N/A
2023-03-26,Run,2.39,8:13,0:19:40,N/A
2023-03-25,Run,2.64,8:08,0:21:31,N/A
2023-03-24,Run,1.93,7:42,0:14:55,N/A
2023-03-22,Run,2.89,7:57,0:23:01,N/A
2023-03-18,Run,2.24,8:37,0:19:17,N/A
2023-03-12,Run,7.72,8:52,1:08:26,N/A
2023-03-09,Run,4.05,8:53,0:36:00,N/A
2023-03-08,Run,4.03,8:46,0:35:21,N/A
2023-03-06,Run,4.02,8:06,0:32:35,N/A
2023-03-04,Run,13.2,9:30,2:05:31,N/A
2023-03-02,Run,4.22,9:28,0:39:58,N/A
2023-03-01,Run,4.01,8:56,0:35:49,N/A
2023-02-27,Run,4.18,8:23,0:35:04,N/A
2023-02-25,Run,11.02,9:10,1:41:12,N/A
2023-02-24,Run,1.99,9:26,0:18:50,N/A
2023-02-22,Run,4.13,9:28,0:39:04,N/A
2023-02-21,Run,3.94,8:41,0:34:14,N/A
2023-02-19,Run,13.2,8:50,1:56:48,N/A
2023-02-18,Run,4.0,8:13,0:32:55,N/A
2023-02-17,Run,4.17,8:16,0:34:31,N/A
2023-02-16,Run,3.86,8:45,0:33:48,N/A
2023-02-15,Run,4.21,8:01,0:33:44,N/A
2023-02-14,Run,4.06,8:10,0:33:11,N/A
2023-02-11,Run,7.01,8:47,1:01:34,N/A
2023-02-11,Run,2.27,8:01,0:18:13,N/A
2023-02-09,Run,4.03,8:51,0:35:41,N/A
2023-02-08,Run,2.23,8:16,0:18:28,N/A
2023-02-07,Run,4.17,8:18,0:34:38,N/A
2023-02-05,Run,4.79,9:40,0:46:21,N/A
2023-02-04,Run,6.17,8:56,0:55:14,N/A
2023-02-02,Run,4.03,9:05,0:36:38,N/A
2023-02-01,Run,1.97,10:04,0:19:50,N/A
2023-01-31,Run,4.17,8:30,0:35:33,N/A
2023-01-30,Run,1.8,10:19,0:18:38,N/A
2023-01-29,Run,4.01,8:34,0:34:26,N/A
2023-01-23,Run,3.01,10:14,0:30:48,N/A
2023-01-22,Walk,0.55,25:15,0:13:48,N/A
2023-01-22,Walk,3.05,32:08,1:37:54,N/A
2023-01-21,Walk,2.17,15:08,0:32:52,N/A
2023-01-15,Run,1.94,8:06,0:15:41,N/A
2023-01-14,Run,1.98,9:55,0:19:38,N/A
2023-01-14,Run,3.17,8:33,0:27:08,N/A
2023-01-12,Run,2.8,8:39,0:24:15,N/A
2023-01-11,Run,3.12,8:18,0:25:55,N/A
2023-01-10,Run,3.01,8:14,0:24:50,N/A
2023-01-08,Run,1.44,7:58,0:11:30,N/A
